{
  "selected_layer": 20,
  "auc": 0.9700698988697204,
  "acc": 0.9054878048780488,
  "metrics": {
    "acc": 0.9054878048780488,
    "auc": 0.9700698988697204,
    "n": 1640,
    "pos_rate": 0.5
  }
}