{
  "acc": 0.899390243902439,
  "auc": 0.9696609161213563,
  "n": 1640,
  "pos_rate": 0.5
}